[
  {
    "name": "HTC",
    "price": 12458,
    "popular": true,
    "date": 1467440203
  },
  {
    "name": "Sony",
    "price": 12458,
    "popular": true,
    "date": 1467440207
  },
  {
    "name": "HTC",
    "price": 12458,
    "popular": true,
    "date": 146744727
  },
  {
    "name": "HTC",
    "price": 12458,
    "popular": true,
    "date": 1467440227
  },
  {
    "name": "Sony",
    "price": 32458,
    "popular": false,
    "date": 14674402037
  },
  {
    "name": "Sony",
    "price": 32458,
    "popular": false,
    "date": 146744020327
  },
  {
    "name": "Sony",
    "price": 12458,
    "popular": false,
    "date": 1467440207
  },
  {
    "name": "HTC",
    "price": 12458,
    "popular": true,
    "date": 14644003727
  },
  {
    "name": "HTC",
    "price": 12458,
    "popular": true,
    "date": 146744203727
  },
  {
    "name": "HTC",
    "price": 12458,
    "popular": true,
    "date": 1467440203727
  },
  {
    "name": "HTC",
    "price": 12458,
    "popular": true,
    "date": 1467440203727
  }
]